GeoFIPS,GeoName,Region,TableName,LineCode,IndustryClassification,Description,Unit,1998,1999,2000,2001,2002,2003,2004,2005,2006,2007,2008,2009,2010,2011,2012,2013,2014,2015,2016,2017
 "00000" ,"United States", ,SAINC1,1,"...","Personal income (millions of dollars)","Millions of dollars",7601594.0,8001563.0,8650325.0,9001839.0,9155663.0,9480901.0,10028781.0,10593946.0,11372589.0,12002204.0,12438527.0,12051307.0,12541995.0,13315478.0,13998383.0,14175503.0,14983140.0,15711634.0,16115630.0,16820250.0
 "00000" ,"United States", ,SAINC1,2,"...","Population (persons) 1/","Number of persons",275854104,279040168,282162411,284968955,287625193,290107933,292805298,295516599,298379912,301231207,304093966,306771529,309338421,311644280,313993272,316234505,318622525,321039839,323405935,325719178
 "00000" ,"United States", ,SAINC1,3,"...","Per capita personal income (dollars) 2/","Dollars",27557,28675,30657,31589,31832,32681,34251,35849,38114,39844,40904,39284,40545,42727,44582,44826,47025,48940,49831,51640
 "01000" ,"Alabama",5,SAINC1,1,"...","Personal income (millions of dollars)","Millions of dollars",100081.0,103536.0,108506.2,112312.1,115166.1,120209.9,128669.9,136215.3,144914.3,152210.6,157479.5,155254.7,161965.5,167675.6,172427.9,174118.7,180220.3,187301.6,190991.2,198916.4
 "01000" ,"Alabama",5,SAINC1,2,"...","Population (persons) 1/","Number of persons",4404701,4430141,4452173,4467634,4480089,4503491,4530729,4569805,4628981,4672840,4718206,4757938,4785579,4798649,4813946,4827660,4840037,4850858,4860545,4874747
 "01000" ,"Alabama",5,SAINC1,3,"...","Per capita personal income (dollars) 2/","Dollars",22721,23371,24372,25139,25706,26693,28399,29808,31306,32573,33377,32631,33844,34942,35818,36067,37235,38612,39294,40805
 "02000" ,"Alaska*",8,SAINC1,1,"...","Personal income (millions of dollars)","Millions of dollars",18046.0,18603.1,20020.3,21181.7,22201.9,23190.6,24270.4,25888.5,27607.0,29712.5,32701.9,32749.1,35162.9,37580.6,38822.6,38502.5,40935.2,42291.0,41461.4,42300.9
 "02000" ,"Alaska*",8,SAINC1,2,"...","Population (persons) 1/","Number of persons",619932,624779,627963,633714,642337,648414,659286,666946,675302,680300,687455,698895,714015,722259,730825,736760,736759,737979,741522,739795
 "02000" ,"Alaska*",8,SAINC1,3,"...","Per capita personal income (dollars) 2/","Dollars",29110,29776,31881,33425,34564,35765,36813,38817,40881,43676,47569,46858,49247,52032,53122,52259,55561,57306,55914,57179
 "04000" ,"Arizona",6,SAINC1,1,"...","Personal income (millions of dollars)","Millions of dollars",117363.6,124099.5,134952.0,140805.6,145930.3,154810.7,169309.9,188149.0,209009.7,220652.4,223221.9,211397.7,215012.4,225853.2,236455.6,242571.9,257067.0,270806.7,280988.1,296648.9
 "04000" ,"Arizona",6,SAINC1,2,"...","Population (persons) 1/","Number of persons",4883342,5023823,5160586,5273477,5396255,5510364,5652404,5839077,6029141,6167681,6280362,6343154,6407002,6465488,6544211,6616124,6706435,6802262,6908642,7016270
 "04000" ,"Arizona",6,SAINC1,3,"...","Per capita personal income (dollars) 2/","Dollars",24033,24702,26151,26701,27043,28094,29954,32222,34667,35776,35543,33327,33559,34932,36132,36664,38331,39811,40672,42280
 "05000" ,"Arkansas",5,SAINC1,1,"...","Personal income (millions of dollars)","Millions of dollars",55917.1,58129.5,61136.6,64374.9,65878.2,69722.0,74158.9,78138.5,83020.8,88484.9,91798.2,90242.5,93103.2,99328.7,106537.0,106429.6,112619.2,116248.6,118769.6,123313.4
 "05000" ,"Arkansas",5,SAINC1,2,"...","Population (persons) 1/","Number of persons",2626289,2651860,2678588,2691571,2705927,2724816,2749686,2781097,2821761,2848650,2874554,2896843,2921737,2938640,2949208,2956780,2964800,2975626,2988231,3004279
 "05000" ,"Arkansas",5,SAINC1,3,"...","Per capita personal income (dollars) 2/","Dollars",21291,21920,22824,23917,24346,25588,26970,28096,29422,31062,31935,31152,31866,33801,36124,35995,37985,39067,39746,41046
 "06000" ,"California",8,SAINC1,1,"...","Personal income (millions of dollars)","Millions of dollars",962746.1,1028383.3,1135314.5,1175177.7,1193779.4,1249800.3,1329225.1,1408965.3,1517898.2,1583029.8,1606764.5,1554229.7,1627839.0,1738413.1,1853467.2,1885672.4,2021640.0,2173299.7,2259413.9,2364129.4
 "06000" ,"California",8,SAINC1,2,"...","Population (persons) 1/","Number of persons",32987675,33499204,33987977,34479458,34871843,35253159,35574576,35827943,36021202,36250311,36604337,36961229,37327690,37672654,38019006,38347383,38701278,39032444,39296476,39536653
 "06000" ,"California",8,SAINC1,3,"...","Per capita personal income (dollars) 2/","Dollars",29185,30699,33403,34083,34233,35452,37364,39326,42139,43669,43895,42050,43609,46145,48751,49173,52237,55679,57497,59796
 "08000" ,"Colorado",7,SAINC1,1,"...","Personal income (millions of dollars)","Millions of dollars",122314.7,132205.0,147234.3,154409.8,154765.5,157543.2,163427.0,174771.6,188803.3,201227.3,207772.7,198147.2,204691.9,222572.0,236687.4,248959.0,271101.0,284142.9,289620.9,306411.1
 "08000" ,"Colorado",7,SAINC1,2,"...","Population (persons) 1/","Number of persons",4116639,4226018,4326921,4425687,4490406,4528732,4575013,4631888,4720423,4803868,4889730,4972195,5048029,5116411,5186330,5262556,5342311,5440445,5530105,5607154
 "08000" ,"Colorado",7,SAINC1,3,"...","Per capita personal income (dollars) 2/","Dollars",29712,31284,34027,34889,34466,34787,35722,37732,39997,41889,42492,39851,40549,43502,45637,47308,50746,52228,52372,54646
 "09000" ,"Connecticut",1,SAINC1,1,"...","Personal income (millions of dollars)","Millions of dollars",126866.7,134176.3,147015.2,155326.5,155240.9,157488.0,166423.4,175733.0,190585.8,205012.5,217022.6,213686.8,222631.7,229055.1,233699.2,229251.8,239857.1,246012.2,249513.2,257713.6
 "09000" ,"Connecticut",1,SAINC1,2,"...","Population (persons) 1/","Number of persons",3365352,3386401,3411777,3432835,3458749,3484336,3496094,3506956,3517460,3527270,3545579,3561807,3580171,3591927,3597705,3602470,3600188,3593862,3587685,3588184
 "09000" ,"Connecticut",1,SAINC1,3,"...","Per capita personal income (dollars) 2/","Dollars",37698,39622,43091,45247,44884,45199,47603,50110,54183,58122,61209,59994,62185,63769,64958,63637,66624,68453,69547,71823
 "10000" ,"Delaware",2,SAINC1,1,"...","Personal income (millions of dollars)","Millions of dollars",22495.3,24140.1,26628.5,29340.4,30328.7,31030.8,32295.5,33165.8,35225.8,36335.7,36033.8,36291.1,36707.2,39796.7,40309.2,40898.0,42751.2,45012.2,45917.0,47782.1
 "10000" ,"Delaware",2,SAINC1,2,"...","Population (persons) 1/","Number of persons",763335,774990,786373,795699,806169,818003,830803,845150,859268,871749,883874,891730,899712,907884,916868,925114,934805,944107,952698,961939
 "10000" ,"Delaware",2,SAINC1,3,"...","Per capita personal income (dollars) 2/","Dollars",29470,31149,33862,36874,37621,37935,38873,39243,40995,41681,40768,40697,40799,43835,43964,44209,45733,47677,48197,49673
 "11000" ,"District of Columbia",2,SAINC1,1,"...","Personal income (millions of dollars)","Millions of dollars",21525.5,22511.9,24786.5,25670.9,25838.2,26173.7,28509.3,30275.6,32037.2,34497.3,35533.5,35803.4,38513.9,41968.5,43621.1,44369.9,47302.0,50946.7,53040.5,55510.4
 "11000" ,"District of Columbia",2,SAINC1,2,"...","Population (persons) 1/","Number of persons",565230,570213,572046,574504,573158,568502,567754,567136,570681,574404,580236,592228,605040,620336,635630,650114,660797,672736,684336,693972
 "11000" ,"District of Columbia",2,SAINC1,3,"...","Per capita personal income (dollars) 2/","Dollars",38083,39480,43329,44684,45080,46040,50214,53383,56138,60058,61240,60455,63655,67654,68627,68249,71583,75731,77506,79989
 "12000" ,"Florida",5,SAINC1,1,"...","Personal income (millions of dollars)","Millions of dollars",415546.7,435726.0,471082.2,495620.0,512579.5,538104.0,587659.1,641627.4,697871.2,726357.4,727016.1,682319.6,725801.1,766185.8,791918.6,794797.0,858498.7,919226.9,953260.6,1000624.1
 "12000" ,"Florida",5,SAINC1,2,"...","Population (persons) 1/","Number of persons",15486559,15759421,16047515,16356966,16689370,17004085,17415318,17842038,18166990,18367842,18527305,18652644,18846461,19097369,19341327,19584927,19897747,20268567,20656589,20984400
 "12000" ,"Florida",5,SAINC1,3,"...","Per capita personal income (dollars) 2/","Dollars",26833,27649,29355,30300,30713,31646,33744,35962,38414,39545,39240,36580,38511,40120,40944,40582,43146,45352,46148,47684
 "13000" ,"Georgia",5,SAINC1,1,"...","Personal income (millions of dollars)","Millions of dollars",205109.4,218793.4,236810.4,248728.2,255618.2,264925.8,279469.4,296727.3,316877.8,331391.4,333747.3,327375.3,335318.0,359574.7,367803.7,373356.2,398881.8,422845.0,439574.4,460402.9
 "13000" ,"Georgia",5,SAINC1,2,"...","Population (persons) 1/","Number of persons",7863536,8045965,8227303,8377038,8508256,8622793,8769252,8925922,9155813,9349988,9504843,9620846,9712696,9810595,9911171,9981773,10083850,10199533,10313620,10429379
 "13000" ,"Georgia",5,SAINC1,3,"...","Per capita personal income (dollars) 2/","Dollars",26084,27193,28783,29692,30044,30724,31869,33243,34609,35443,35113,34028,34524,36652,37110,37404,39556,41457,42621,44145
 "15000" ,"Hawaii*",8,SAINC1,1,"...","Personal income (millions of dollars)","Millions of dollars",32703.4,33864.3,35852.4,37354.5,39012.2,40852.2,44054.8,47359.5,50773.5,53520.2,56166.2,56013.4,57101.4,59922.3,62434.6,63355.1,66899.4,70323.4,72650.1,75355.1
 "15000" ,"Hawaii*",8,SAINC1,2,"...","Population (persons) 1/","Number of persons",1215233,1210300,1213519,1225948,1239613,1251154,1273569,1292729,1309731,1315675,1332213,1346717,1363817,1378323,1392772,1408038,1417710,1426320,1428683,1427538
 "15000" ,"Hawaii*",8,SAINC1,3,"...","Per capita personal income (dollars) 2/","Dollars",26911,27980,29544,30470,31471,32652,34592,36635,38766,40679,42160,41593,41869,43475,44828,44995,47188,49304,50851,52787
 "16000" ,"Idaho",7,SAINC1,1,"...","Personal income (millions of dollars)","Millions of dollars",28286.0,30123.4,32601.2,33979.5,35112.4,36321.7,39252.2,41760.7,46002.2,48997.3,50089.2,48408.7,50144.5,53041.3,56111.9,58236.0,61616.0,65610.8,68054.8,71812.9
 "16000" ,"Idaho",7,SAINC1,2,"...","Population (persons) 1/","Number of persons",1252330,1275674,1299430,1319962,1340372,1363380,1391802,1428241,1468669,1505105,1534320,1554439,1570912,1583180,1594673,1610187,1630391,1649324,1680026,1716943
 "16000" ,"Idaho",7,SAINC1,3,"...","Per capita personal income (dollars) 2/","Dollars",22587,23614,25089,25743,26196,26641,28202,29239,31322,32554,32646,31142,31921,33503,35187,36167,37792,39780,40508,41826
 "17000" ,"Illinois",3,SAINC1,1,"...","Personal income (millions of dollars)","Millions of dollars",368119.4,384036.2,413443.2,428742.3,434249.5,441946.1,459074.1,477013.2,509272.2,538588.1,552022.2,525582.4,540463.8,568154.3,593271.4,607909.7,638061.4,664296.2,673528.9,693914.0
 "17000" ,"Illinois",3,SAINC1,2,"...","Population (persons) 1/","Number of persons",12271847,12359020,12434161,12488445,12525556,12556006,12589773,12609903,12643955,12695866,12747038,12796778,12841196,12862298,12878494,12890403,12882438,12862051,12835726,12802023
 "17000" ,"Illinois",3,SAINC1,3,"...","Per capita personal income (dollars) 2/","Dollars",29997,31073,33251,34331,34669,35198,36464,37828,40278,42422,43306,41071,42088,44172,46067,47160,49530,51648,52473,54203
 "18000" ,"Indiana",3,SAINC1,1,"...","Personal income (millions of dollars)","Millions of dollars",154513.7,160747.0,171415.2,175497.6,178017.8,182141.9,190718.5,196766.9,208808.5,216350.9,225842.6,219712.6,229477.3,244551.2,256257.6,259525.0,269593.0,279704.9,289164.3,301008.2
 "18000" ,"Indiana",3,SAINC1,2,"...","Population (persons) 1/","Number of persons",5998880,6044969,6091866,6127760,6155967,6196638,6233007,6278616,6332669,6379599,6424806,6459325,6490029,6515358,6535665,6567484,6593182,6610596,6634007,6666818
 "18000" ,"Indiana",3,SAINC1,3,"...","Per capita personal income (dollars) 2/","Dollars",25757,26592,28138,28640,28918,29394,30598,31339,32973,33913,35152,34015,35358,37535,39209,39517,40890,42312,43588,45150
 "19000" ,"Iowa",4,SAINC1,1,"...","Personal income (millions of dollars)","Millions of dollars",73576.3,75468.2,80650.6,82942.4,84927.4,86664.5,93570.2,96375.8,102447.9,109906.4,116372.3,112829.0,116353.1,125586.2,131982.2,134398.2,139148.6,144182.5,145156.8,148042.7
 "19000" ,"Iowa",4,SAINC1,2,"...","Population (persons) 1/","Number of persons",2902872,2917634,2929067,2931997,2934234,2941999,2953635,2964454,2982644,2999212,3016734,3032870,3050223,3063690,3074386,3089876,3105563,3118473,3130869,3145711
 "19000" ,"Iowa",4,SAINC1,3,"...","Per capita personal income (dollars) 2/","Dollars",25346,25866,27535,28289,28944,29458,31680,32510,34348,36645,38576,37202,38146,40992,42930,43496,44806,46235,46363,47062
 "20000" ,"Kansas",4,SAINC1,1,"...","Personal income (millions of dollars)","Millions of dollars",69987.2,72284.1,76242.9,78695.4,79379.0,81546.5,83860.0,88492.2,97830.3,105159.4,114394.6,110482.0,112682.3,122294.5,129853.7,132570.0,135413.5,137238.3,138105.5,141459.4
 "20000" ,"Kansas",4,SAINC1,2,"...","Population (persons) 1/","Number of persons",2660598,2678338,2693681,2702162,2713535,2723004,2734373,2745299,2762931,2783785,2808076,2832704,2858403,2868756,2885316,2892900,2899553,2905789,2907731,2913123
 "20000" ,"Kansas",4,SAINC1,3,"...","Per capita personal income (dollars) 2/","Dollars",26305,26988,28304,29123,29253,29947,30669,32234,35408,37776,40738,39002,39421,42630,45005,45826,46702,47229,47496,48559
 "21000" ,"Kentucky",5,SAINC1,1,"...","Personal income (millions of dollars)","Millions of dollars",89738.3,93539.1,100894.3,104268.9,106642.1,109563.3,115893.9,121520.0,128717.5,134505.7,140471.6,138837.5,144009.2,151069.5,156511.7,157850.7,165369.0,172361.4,175012.8,180826.5
 "21000" ,"Kentucky",5,SAINC1,2,"...","Population (persons) 1/","Number of persons",3985390,4018053,4049021,4068132,4089875,4117170,4146101,4182742,4219239,4256672,4289878,4317074,4347948,4368505,4383673,4399121,4410415,4422057,4436113,4454189
 "21000" ,"Kentucky",5,SAINC1,3,"...","Per capita personal income (dollars) 2/","Dollars",22517,23280,24918,25631,26075,26611,27953,29053,30507,31599,32745,32160,33121,34582,35703,35882,37495,38978,39452,40597
 "22000" ,"Louisiana",5,SAINC1,1,"...","Personal income (millions of dollars)","Millions of dollars",98923.7,101339.5,107071.5,114378.3,117657.3,121062.4,126175.1,135724.9,143751.0,156784.8,167982.8,163381.8,170476.9,176174.7,186004.2,188377.0,197685.9,200077.7,199543.4,204516.8
 "22000" ,"Louisiana",5,SAINC1,2,"...","Population (persons) 1/","Number of persons",4440344,4460811,4471885,4477875,4497267,4521042,4552238,4576628,4302665,4375581,4435586,4491648,4544871,4574388,4602681,4626795,4648797,4671211,4686157,4684333
 "22000" ,"Louisiana",5,SAINC1,3,"...","Per capita personal income (dollars) 2/","Dollars",22278,22718,23943,25543,26162,26778,27717,29656,33410,35832,37872,36375,37510,38513,40412,40714,42524,42832,42581,43660
 "23000" ,"Maine",1,SAINC1,1,"...","Personal income (millions of dollars)","Millions of dollars",30941.3,32545.6,35055.9,36999.7,38471.0,40116.6,42161.7,43169.9,45529.1,47261.8,49163.5,49084.9,50253.6,52255.6,53369.9,53315.8,55666.6,57977.8,59577.1,62060.0
 "23000" ,"Maine",1,SAINC1,2,"...","Population (persons) 1/","Number of persons",1259127,1266808,1277072,1285692,1295960,1306513,1313688,1318787,1323619,1327040,1330509,1329590,1327568,1327968,1328101,1327975,1328903,1327787,1330232,1335907
 "23000" ,"Maine",1,SAINC1,3,"...","Per capita personal income (dollars) 2/","Dollars",24574,25691,27450,28778,29685,30705,32094,32735,34397,35614,36951,36917,37854,39350,40185,40148,41889,43665,44787,46455
 "24000" ,"Maryland",2,SAINC1,1,"...","Personal income (millions of dollars)","Millions of dollars",163365.5,173600.1,188926.2,199093.3,206990.1,216518.7,231482.0,244346.5,257711.8,268336.4,280308.8,278546.5,288606.6,305178.4,314141.4,313194.8,324968.2,341295.2,353879.6,368258.2
 "24000" ,"Maryland",2,SAINC1,2,"...","Population (persons) 1/","Number of persons",5204464,5254509,5311034,5374691,5440389,5496269,5546935,5592379,5627367,5653408,5684965,5730388,5788099,5843115,5891680,5932654,5970245,6000561,6024752,6052177
 "24000" ,"Maryland",2,SAINC1,3,"...","Per capita personal income (dollars) 2/","Dollars",31389,33038,35572,37043,38047,39394,41732,43693,45796,47465,49307,48609,49862,52229,53320,52792,54431,56877,58738,60847
 "25000" ,"Massachusetts",1,SAINC1,1,"...","Personal income (millions of dollars)","Millions of dollars",206746.1,220850.9,245392.0,255190.3,254257.9,259814.7,273401.0,285647.2,307760.9,323214.5,335476.3,332152.0,348418.9,365526.7,381949.6,385338.4,405089.8,431571.6,444812.5,463930.7
 "25000" ,"Massachusetts",1,SAINC1,2,"...","Population (persons) 1/","Number of persons",6271838,6317345,6361104,6397634,6417206,6422565,6412281,6403290,6410084,6431559,6468967,6517613,6564943,6612178,6659627,6711138,6757925,6794002,6823721,6859819
 "25000" ,"Massachusetts",1,SAINC1,3,"...","Per capita personal income (dollars) 2/","Dollars",32964,34959,38577,39888,39621,40453,42637,44609,48012,50254,51859,50962,53073,55281,57353,57418,59943,63522,65186,67630
 "26000" ,"Michigan",3,SAINC1,1,"...","Personal income (millions of dollars)","Millions of dollars",269062.1,282875.7,301661.7,306609.8,306385.4,313829.8,322531.8,329225.6,337455.8,347081.0,354064.2,336043.5,348673.3,370180.0,385408.3,389319.6,407648.7,431157.2,444531.9,460270.0
 "26000" ,"Michigan",3,SAINC1,2,"...","Population (persons) 1/","Number of persons",9847942,9897116,9952450,9991120,10015710,10041152,10055315,10051137,10036081,10001284,9946889,9901591,9876731,9876199,9886610,9899219,9914675,9918170,9933445,9962311
 "26000" ,"Michigan",3,SAINC1,3,"...","Per capita personal income (dollars) 2/","Dollars",27322,28582,30310,30688,30590,31254,32076,32755,33624,34704,35595,33938,35302,37482,38983,39328,41116,43471,44751,46201
 "27000" ,"Minnesota",4,SAINC1,1,"...","Personal income (millions of dollars)","Millions of dollars",139858.7,146941.7,159119.3,165715.7,169899.6,177859.9,188385.3,193840.6,204122.8,216239.6,225275.6,215787.5,225594.1,241434.9,256332.0,258319.8,272291.7,284740.1,291361.6,303141.3
 "27000" ,"Minnesota",4,SAINC1,2,"...","Population (persons) 1/","Number of persons",4813412,4873481,4933692,4982796,5018935,5053572,5087713,5119598,5163555,5207203,5247018,5281203,5310711,5345967,5377695,5416074,5452649,5483238,5525050,5576606
 "27000" ,"Minnesota",4,SAINC1,3,"...","Per capita personal income (dollars) 2/","Dollars",29056,30151,32252,33258,33852,35195,37027,37862,39531,41527,42934,40860,42479,45162,47666,47695,49938,51929,52735,54359
 "28000" ,"Mississippi",5,SAINC1,1,"...","Personal income (millions of dollars)","Millions of dollars",56804.4,58632.9,61799.1,65233.6,66372.4,68980.3,72896.1,77774.1,81068.8,86109.8,90038.3,88579.7,91929.3,95844.4,99410.4,101137.0,103504.7,104892.9,106914.9,109324.1
 "28000" ,"Mississippi",5,SAINC1,2,"...","Population (persons) 1/","Number of persons",2804834,2828408,2848353,2852994,2858681,2868312,2889010,2905943,2904978,2928350,2947806,2958774,2970437,2977452,2982963,2987721,2988578,2985297,2985415,2984100
 "28000" ,"Mississippi",5,SAINC1,3,"...","Per capita personal income (dollars) 2/","Dollars",20252,20730,21696,22865,23218,24049,25232,26764,27907,29406,30544,29938,30948,32190,33326,33851,34633,35137,35812,36636
 "29000" ,"Missouri",4,SAINC1,1,"...","Personal income (millions of dollars)","Millions of dollars",141141.5,147025.0,157162.6,162071.5,165772.5,171789.9,180585.5,186877.8,198448.2,208184.5,219411.8,215540.5,220546.6,229644.3,240972.8,242564.5,251639.9,260144.6,265495.1,274975.8
 "29000" ,"Missouri",4,SAINC1,2,"...","Population (persons) 1/","Number of persons",5521765,5561948,5607285,5641142,5674825,5709403,5747741,5790300,5842704,5887612,5923916,5961088,5995681,6010280,6023267,6041142,6058014,6072640,6091176,6113532
 "29000" ,"Missouri",4,SAINC1,3,"...","Per capita personal income (dollars) 2/","Dollars",25561,26434,28028,28730,29212,30089,31419,32274,33965,35360,37038,36158,36784,38209,40007,40152,41538,42839,43587,44978
 "30000" ,"Montana",7,SAINC1,1,"...","Personal income (millions of dollars)","Millions of dollars",19268.9,19676.2,20962.8,21862.0,22490.8,24082.1,25995.0,27955.6,30322.7,32669.9,34418.9,33729.8,35558.2,38051.9,40442.8,40666.0,42725.8,44864.7,45747.2,47677.1
 "30000" ,"Montana",7,SAINC1,2,"...","Population (persons) 1/","Number of persons",892431,897507,903773,906961,911667,919630,930009,940102,952692,964706,976415,983982,990507,996866,1003522,1011921,1019931,1028317,1038656,1050493
 "30000" ,"Montana",7,SAINC1,3,"...","Per capita personal income (dollars) 2/","Dollars",21592,21923,23195,24105,24670,26187,27951,29737,31828,33865,35250,34279,35899,38172,40301,40187,41891,43629,44045,45385
 "31000" ,"Nebraska",4,SAINC1,1,"...","Personal income (millions of dollars)","Millions of dollars",45067.4,47166.3,49898.3,52059.5,52986.8,56258.2,58622.0,60704.8,63575.0,68559.2,72396.9,71199.7,74787.3,83473.7,86117.8,86682.7,91844.6,95454.5,94730.8,97556.5
 "31000" ,"Nebraska",4,SAINC1,2,"...","Population (persons) 1/","Number of persons",1695816,1704764,1713820,1719836,1728292,1738643,1749370,1761497,1772693,1783440,1796378,1812683,1829956,1841641,1854862,1867414,1880920,1893564,1907603,1920076
 "31000" ,"Nebraska",4,SAINC1,3,"...","Per capita personal income (dollars) 2/","Dollars",26576,27667,29115,30270,30658,32358,33510,34462,35863,38442,40302,39279,40868,45326,46428,46419,48830,50410,49660,50809
 "32000" ,"Nevada",8,SAINC1,1,"...","Personal income (millions of dollars)","Millions of dollars",54524.9,58885.5,64576.3,68036.4,69976.3,74570.4,83003.2,93328.8,100381.2,104455.4,102762.9,97544.4,101205.2,105185.4,109445.8,109901.3,117422.5,126929.9,130756.8,138386.4
 "32000" ,"Nevada",8,SAINC1,2,"...","Population (persons) 1/","Number of persons",1853191,1934718,2018741,2098399,2173791,2248850,2346222,2432143,2522658,2601072,2653630,2684665,2702797,2718170,2752410,2786547,2831730,2883057,2939254,2998039
 "32000" ,"Nevada",8,SAINC1,3,"...","Per capita personal income (dollars) 2/","Dollars",29422,30436,31988,32423,32191,33159,35377,38373,39792,40159,38725,36334,37445,38697,39764,39440,41467,44026,44486,46159
 "33000" ,"New Hampshire",1,SAINC1,1,"...","Personal income (millions of dollars)","Millions of dollars",36646.2,39087.8,44073.5,46376.2,47155.6,48122.3,51035.4,52919.6,56713.3,58904.4,60395.6,59597.3,62306.3,65443.3,68557.6,68116.9,70506.5,73430.0,76247.4,80122.0
 "33000" ,"New Hampshire",1,SAINC1,2,"...","Population (persons) 1/","Number of persons",1205940,1222014,1239882,1255517,1269089,1279840,1290121,1298492,1308389,1312540,1315906,1316102,1316700,1318345,1320923,1322622,1328684,1330134,1335015,1342795
 "33000" ,"New Hampshire",1,SAINC1,3,"...","Per capita personal income (dollars) 2/","Dollars",30388,31986,35547,36938,37157,37600,39559,40755,43346,44878,45897,45283,47320,49640,51901,51501,53065,55205,57114,59668
 "34000" ,"New Jersey",2,SAINC1,1,"...","Personal income (millions of dollars)","Millions of dollars",286990.2,300848.1,331307.3,342293.0,347247.7,356002.8,372881.9,386942.7,415978.7,440854.8,453338.6,439321.8,452322.6,473913.4,491656.7,496305.9,519814.6,542404.7,555804.6,581198.6
 "34000" ,"New Jersey",2,SAINC1,2,"...","Population (persons) 1/","Number of persons",8287418,8359592,8430621,8492671,8552643,8601402,8634561,8651974,8661679,8677885,8711090,8755602,8803708,8844694,8882095,8913735,8943010,8960001,8978416,9005644
 "34000" ,"New Jersey",2,SAINC1,3,"...","Per capita personal income (dollars) 2/","Dollars",34630,35988,39298,40305,40601,41389,43185,44723,48025,50802,52042,50176,51379,53582,55354,55679,58125,60536,61905,64537
 "35000" ,"New Mexico",6,SAINC1,1,"...","Personal income (millions of dollars)","Millions of dollars",38228.5,39182.2,42212.8,45275.6,46931.7,49042.2,52094.1,55782.3,59701.7,63188.9,67065.3,66678.7,69262.0,72820.7,74583.6,73406.2,77747.4,79953.2,81184.6,83127.3
 "35000" ,"New Mexico",6,SAINC1,2,"...","Population (persons) 1/","Number of persons",1793484,1808082,1821204,1831690,1855309,1877574,1903808,1932274,1962137,1990070,2010662,2036802,2064607,2077744,2083590,2085161,2083207,2082264,2085432,2088070
 "35000" ,"New Mexico",6,SAINC1,3,"...","Per capita personal income (dollars) 2/","Dollars",21315,21671,23178,24718,25296,26120,27363,28869,30427,31752,33355,32737,33547,35048,35796,35204,37321,38397,38929,39811
 "36000" ,"New York",2,SAINC1,1,"...","Personal income (millions of dollars)","Millions of dollars",600536.3,636314.9,684897.9,709931.4,707720.0,718701.9,753191.2,787298.4,847001.9,911071.4,927177.2,914586.3,954364.5,1009303.3,1065474.0,1081132.8,1125896.6,1172712.9,1208345.7,1281082.4
 "36000" ,"New York",2,SAINC1,2,"...","Population (persons) 1/","Number of persons",18755906,18882725,19001780,19082838,19137800,19175939,19171567,19132610,19104631,19132335,19212436,19307066,19405185,19526372,19625409,19712514,19773580,19819347,19836286,19849399
 "36000" ,"New York",2,SAINC1,3,"...","Per capita personal income (dollars) 2/","Dollars",32019,33698,36044,37203,36980,37479,39287,41150,44335,47619,48259,47371,49181,51689,54291,54845,56939,59170,60916,64540
 "37000" ,"North Carolina",5,SAINC1,1,"...","Personal income (millions of dollars)","Millions of dollars",198159.7,208306.3,221868.1,228431.7,231805.7,241164.5,261528.4,281072.8,305336.6,328910.1,350372.6,337787.0,340764.3,354294.4,379031.2,375057.0,397410.7,419888.9,433766.4,454306.9
 "37000" ,"North Carolina",5,SAINC1,2,"...","Population (persons) 1/","Number of persons",7809121,7949361,8081614,8210122,8326201,8422501,8553152,8705407,8917270,9118037,9309449,9449566,9574247,9662940,9755299,9849812,9941160,10041769,10156689,10273419
 "37000" ,"North Carolina",5,SAINC1,3,"...","Per capita personal income (dollars) 2/","Dollars",25375,26204,27453,27823,27841,28633,30577,32287,34241,36072,37636,35746,35592,36665,38854,38078,39976,41814,42707,44222
 "38000" ,"North Dakota",4,SAINC1,1,"...","Personal income (millions of dollars)","Millions of dollars",15195.7,15428.7,16805.0,17126.6,17527.7,19022.2,19341.3,20416.0,21434.1,23798.8,26710.3,26507.4,29446.2,32933.5,38866.4,38867.3,41367.9,40429.7,39766.2,39483.6
 "38000" ,"North Dakota",4,SAINC1,2,"...","Population (persons) 1/","Number of persons",647532,644259,642023,639062,638168,638817,644705,646089,649422,652822,657569,664968,674518,684830,701380,722908,738658,754859,755548,755393
 "38000" ,"North Dakota",4,SAINC1,3,"...","Per capita personal income (dollars) 2/","Dollars",23467,23948,26175,26800,27466,29777,30000,31599,33005,36455,40620,39863,43655,48090,55414,53765,56004,53559,52632,52269
 "39000" ,"Ohio",3,SAINC1,1,"...","Personal income (millions of dollars)","Millions of dollars",299075.5,309265.5,325951.6,334714.3,339907.5,349796.1,363250.2,374068.0,393111.2,409695.7,422895.3,410863.9,423062.1,451900.6,469903.9,476450.1,496513.5,515904.9,525056.5,544828.5
 "39000" ,"Ohio",3,SAINC1,2,"...","Population (persons) 1/","Number of persons",11311536,11335454,11363543,11387404,11407889,11434788,11452251,11463320,11481213,11500468,11515391,11528896,11539282,11543332,11546969,11567845,11593741,11606027,11622554,11658609
 "39000" ,"Ohio",3,SAINC1,3,"...","Per capita personal income (dollars) 2/","Dollars",26440,27283,28684,29393,29796,30591,31719,32632,34240,35624,36724,35638,36663,39148,40695,41187,42826,44451,45176,46732
 "40000" ,"Oklahoma",6,SAINC1,1,"...","Personal income (millions of dollars)","Millions of dollars",75061.7,77067.9,83363.9,88354.1,90233.1,94303.3,101714.4,111052.3,123411.8,127818.7,141463.9,131404.8,137327.5,147778.3,158235.7,165860.4,176376.7,172636.2,165107.0,174435.4
 "40000" ,"Oklahoma",6,SAINC1,2,"...","Population (persons) 1/","Number of persons",3405194,3437147,3454365,3467100,3489080,3504892,3525233,3548597,3594090,3634349,3668976,3717572,3759529,3785232,3815298,3849840,3875008,3904353,3921207,3930864
 "40000" ,"Oklahoma",6,SAINC1,3,"...","Per capita personal income (dollars) 2/","Dollars",22043,22422,24133,25484,25862,26906,28853,31295,34337,35170,38557,35347,36528,39041,41474,43082,45516,44216,42106,44376
 "41000" ,"Oregon",8,SAINC1,1,"...","Personal income (millions of dollars)","Millions of dollars",86862.9,90547.8,97773.2,100607.4,101865.4,105562.2,111488.1,117144.7,127973.8,133838.5,139499.8,134830.9,138328.2,146081.6,154066.8,156644.0,167977.5,181022.3,189644.4,199422.2
 "41000" ,"Oregon",8,SAINC1,2,"...","Population (persons) 1/","Number of persons",3352449,3393941,3429708,3467937,3513424,3547376,3569463,3613202,3670883,3722417,3768748,3808600,3837073,3865845,3893920,3919664,3960673,4016537,4085989,4142776
 "41000" ,"Oregon",8,SAINC1,3,"...","Per capita personal income (dollars) 2/","Dollars",25910,26679,28508,29011,28993,29758,31234,32421,34862,35955,37015,35402,36050,37788,39566,39964,42411,45069,46413,48137
 "42000" ,"Pennsylvania",2,SAINC1,1,"...","Personal income (millions of dollars)","Millions of dollars",335664.4,349848.2,374404.6,388669.3,396187.8,409648.6,433409.6,451890.3,476852.9,506499.0,524359.6,511713.9,533828.4,562622.1,587095.7,592172.3,617895.5,642622.6,657164.8,682533.7
 "42000" ,"Pennsylvania",2,SAINC1,2,"...","Population (persons) 1/","Number of persons",12245672,12263805,12284173,12298970,12331031,12374658,12410722,12449990,12510809,12563937,12612285,12666858,12711063,12742811,12768034,12778450,12790341,12791124,12787085,12805537
 "42000" ,"Pennsylvania",2,SAINC1,3,"...","Per capita personal income (dollars) 2/","Dollars",27411,28527,30479,31602,32129,33104,34922,36296,38115,40314,41575,40398,41997,44152,45982,46341,48310,50240,51393,53300
 "44000" ,"Rhode Island",1,SAINC1,1,"...","Personal income (millions of dollars)","Millions of dollars",28279.8,29640.0,31953.8,33634.8,35028.0,36809.0,38731.8,39561.9,41658.7,43401.3,44085.5,42946.7,45154.8,46933.3,48717.8,48777.1,50903.1,53005.8,53730.9,55934.0
 "44000" ,"Rhode Island",1,SAINC1,2,"...","Population (persons) 1/","Number of persons",1031155,1040402,1050268,1057142,1065995,1071342,1074579,1067916,1063096,1057315,1055003,1053646,1053169,1052154,1052761,1052784,1054782,1055916,1057566,1059639
 "44000" ,"Rhode Island",1,SAINC1,3,"...","Per capita personal income (dollars) 2/","Dollars",27425,28489,30424,31817,32859,34358,36044,37046,39186,41049,41787,40760,42875,44607,46276,46332,48259,50199,50806,52786
 "45000" ,"South Carolina",5,SAINC1,1,"...","Personal income (millions of dollars)","Millions of dollars",89796.5,94407.8,101161.0,104652.3,107527.0,111166.4,117506.7,124488.7,134578.9,143317.3,149235.6,145609.1,150451.8,159091.0,167538.8,169974.0,181107.9,192879.5,199941.7,209179.6
 "45000" ,"South Carolina",5,SAINC1,2,"...","Population (persons) 1/","Number of persons",3919235,3974682,4024223,4064995,4107795,4150297,4210921,4270150,4357847,4444110,4528996,4589872,4635834,4672744,4719009,4765862,4824758,4892423,4959822,5024369
 "45000" ,"South Carolina",5,SAINC1,3,"...","Per capita personal income (dollars) 2/","Dollars",22912,23752,25138,25745,26176,26785,27905,29153,30882,32249,32951,31724,32454,34047,35503,35665,37537,39424,40312,41633
 "46000" ,"South Dakota",4,SAINC1,1,"...","Personal income (millions of dollars)","Millions of dollars",18240.7,19094.0,20325.0,20982.5,21003.5,22919.6,24593.2,26055.1,27503.9,30539.8,32632.8,31681.8,33512.3,36636.0,37522.2,37990.7,39823.3,41550.3,41788.6,42455.3
 "46000" ,"South Dakota",4,SAINC1,2,"...","Population (persons) 1/","Number of persons",746058,750412,755844,757972,760020,763729,770396,775493,783033,791623,799124,807067,816227,823338,832576,842513,849455,854036,861542,869666
 "46000" ,"South Dakota",4,SAINC1,3,"...","Per capita personal income (dollars) 2/","Dollars",24449,25445,26890,27682,27635,30010,31923,33598,35125,38579,40836,39255,41058,44497,45068,45092,46881,48652,48504,48818
 "47000" ,"Tennessee",5,SAINC1,1,"...","Personal income (millions of dollars)","Millions of dollars",141380.9,147003.9,155574.4,159459.9,164012.6,170680.0,180733.3,188857.5,201170.7,211071.0,218783.3,217319.2,227763.4,241769.0,254406.0,256705.8,267989.3,282149.9,292119.7,305690.6
 "47000" ,"Tennessee",5,SAINC1,2,"...","Population (persons) 1/","Number of persons",5570045,5638706,5703719,5750789,5795918,5847812,5910809,5991057,6088766,6175727,6247411,6306019,6355882,6396281,6450632,6490795,6540007,6590726,6649404,6715984
 "47000" ,"Tennessee",5,SAINC1,3,"...","Per capita personal income (dollars) 2/","Dollars",25382,26070,27276,27728,28298,29187,30577,31523,33040,34178,35020,34462,35835,37798,39439,39549,40977,42810,43932,45517
 "48000" ,"Texas",6,SAINC1,1,"...","Personal income (millions of dollars)","Millions of dollars",514479.6,541693.7,589618.3,625351.8,632485.7,655821.6,686873.4,747110.9,820054.9,871849.7,956545.5,911227.0,966900.3,1058034.2,1133801.1,1160361.6,1250849.5,1282379.9,1287687.3,1340568.4
 "48000" ,"Texas",6,SAINC1,2,"...","Population (persons) 1/","Number of persons",20157531,20558220,20944499,21319622,21690325,22030931,22394023,22778123,23359580,23831983,24309039,24801761,25241648,25644424,26078327,26479279,26954436,27454880,27904862,28304596
 "48000" ,"Texas",6,SAINC1,3,"...","Per capita personal income (dollars) 2/","Dollars",25523,26349,28151,29332,29160,29768,30672,32799,35106,36583,39349,36740,38306,41258,43477,43821,46406,46709,46146,47362
 "49000" ,"Utah",7,SAINC1,1,"...","Personal income (millions of dollars)","Millions of dollars",48820.8,51414.4,55060.1,57414.1,59048.8,61152.6,65206.6,71386.9,79437.9,86368.5,90567.1,86896.5,89346.0,96312.3,103227.8,106612.9,113230.0,121876.4,128407.0,134803.8
 "49000" ,"Utah",7,SAINC1,2,"...","Population (persons) 1/","Number of persons",2165960,2203482,2244502,2283715,2324815,2360137,2401580,2457719,2525507,2597746,2663029,2723421,2775260,2815430,2854222,2899961,2938671,2984917,3044321,3101833
 "49000" ,"Utah",7,SAINC1,3,"...","Per capita personal income (dollars) 2/","Dollars",22540,23333,24531,25141,25399,25911,27152,29046,31454,33247,34009,31907,32194,34209,36167,36764,38531,40831,42179,43459
 "50000" ,"Vermont",1,SAINC1,1,"...","Personal income (millions of dollars)","Millions of dollars",15303.7,16302.6,17627.4,18692.9,19073.4,19812.9,20964.7,21467.3,22941.0,24192.0,25368.9,24990.4,25787.1,27350.3,28303.8,28692.0,29807.7,30865.5,31571.8,32570.4
 "50000" ,"Vermont",1,SAINC1,2,"...","Population (persons) 1/","Number of persons",600416,604683,609618,612223,615442,617858,619920,621215,622892,623481,624151,624817,625842,626210,625606,626044,625665,624455,623354,623657
 "50000" ,"Vermont",1,SAINC1,3,"...","Per capita personal income (dollars) 2/","Dollars",25488,26961,28915,30533,30991,32067,33818,34557,36830,38802,40645,39996,41204,43676,45242,45831,47642,49428,50648,52225
 "51000" ,"Virginia",5,SAINC1,1,"...","Personal income (millions of dollars)","Millions of dollars",199656.0,213981.6,232033.6,244136.7,250928.1,265980.4,284957.1,304720.5,326171.6,343287.8,356434.4,348944.2,364382.5,386298.0,404772.5,402064.6,420235.9,440823.7,448683.5,466743.3
 "51000" ,"Virginia",5,SAINC1,2,"...","Population (persons) 1/","Number of persons",6900918,7000174,7105817,7198362,7286873,7366977,7475575,7577105,7673725,7751000,7833496,7925937,8025206,8107548,8188656,8261689,8316902,8366767,8414380,8470020
 "51000" ,"Virginia",5,SAINC1,3,"...","Per capita personal income (dollars) 2/","Dollars",28932,30568,32654,33916,34436,36104,38118,40216,42505,44289,45501,44026,45405,47647,49431,48666,50528,52687,53323,55105
 "53000" ,"Washington",8,SAINC1,1,"...","Personal income (millions of dollars)","Millions of dollars",169625.8,181364.8,194207.1,199075.2,202861.5,210864.2,225994.0,235226.5,256517.4,278655.9,292344.4,279037.8,286732.3,303939.3,328949.4,335890.9,362951.6,384651.0,404232.1,428765.2
 "53000" ,"Washington",8,SAINC1,2,"...","Population (persons) 1/","Number of persons",5769562,5842564,5910512,5985722,6052349,6104115,6178645,6257305,6370753,6461587,6562231,6667426,6741386,6819155,6890899,6963410,7046931,7152818,7280934,7405743
 "53000" ,"Washington",8,SAINC1,3,"...","Per capita personal income (dollars) 2/","Dollars",29400,31042,32858,33258,33518,34545,36577,37592,40265,43125,44550,41851,42533,44571,47737,48237,51505,53776,55519,57896
 "54000" ,"West Virginia",5,SAINC1,1,"...","Personal income (millions of dollars)","Millions of dollars",37281.5,38282.6,40452.6,42849.8,44286.6,44871.4,46485.5,48840.4,52178.8,54198.6,57652.4,58149.8,60061.5,63448.7,65251.8,64792.6,66679.7,67736.7,67582.9,69872.7
 "54000" ,"West Virginia",5,SAINC1,2,"...","Population (persons) 1/","Number of persons",1815609,1811799,1807021,1801481,1805414,1812295,1816438,1820492,1827912,1834052,1840310,1847775,1854315,1854891,1855360,1852333,1847624,1839767,1828637,1815857
 "54000" ,"West Virginia",5,SAINC1,3,"...","Per capita personal income (dollars) 2/","Dollars",20534,21130,22386,23786,24530,24759,25592,26828,28546,29551,31328,31470,32390,34206,35169,34979,36089,36818,36958,38479
 "55000" ,"Wisconsin",3,SAINC1,1,"...","Personal income (millions of dollars)","Millions of dollars",143010.5,149069.7,158927.6,166810.4,171173.6,175869.8,183912.5,190527.6,202454.0,211886.6,219514.5,215913.3,221895.3,234574.9,245700.4,247127.4,257572.4,268238.0,273787.5,283635.8
 "55000" ,"Wisconsin",3,SAINC1,2,"...","Population (persons) 1/","Number of persons",5297672,5332666,5373999,5406835,5445162,5479203,5514026,5546166,5577655,5610775,5640996,5669264,5690403,5705812,5721075,5736673,5751272,5759744,5772917,5795483
 "55000" ,"Wisconsin",3,SAINC1,3,"...","Per capita personal income (dollars) 2/","Dollars",26995,27954,29573,30852,31436,32098,33354,34353,36297,37764,38914,38085,38995,41112,42947,43079,44785,46571,47426,48941
 "56000" ,"Wyoming",7,SAINC1,1,"...","Personal income (millions of dollars)","Millions of dollars",12656.3,13504.8,14514.3,15320.2,15724.5,16668.8,17807.0,19574.5,22574.9,24018.5,26333.8,24346.8,25967.1,28426.3,30952.5,30911.9,33019.9,33514.6,32434.6,33221.4
 "56000" ,"Wyoming",7,SAINC1,2,"...","Population (persons) 1/","Number of persons",490787,491780,494300,494657,500017,503453,509106,514157,522667,534876,546043,559851,564376,567602,576608,582341,583334,586102,584910,579315
 "56000" ,"Wyoming",7,SAINC1,3,"...","Per capita personal income (dollars) 2/","Dollars",25788,27461,29363,30971,31448,33109,34977,38071,43192,44905,48227,43488,46010,50081,53680,53082,56605,57182,55452,57346
 "91000" ,"New England",1,SAINC1,1,"...","Personal income (millions of dollars)","Millions of dollars",444783.8,472603.1,521117.7,546220.5,549226.9,562163.5,592718.0,618498.9,665188.9,701986.5,731512.3,722458.1,754552.4,786564.4,814597.9,813492.0,851830.8,892862.9,915453.0,952330.6
 "91000" ,"New England",1,SAINC1,2,"...","Population (persons) 1/","Number of persons",13733828,13837653,13949721,14041043,14122441,14182454,14206683,14216656,14245540,14279205,14340115,14403575,14468393,14528782,14584723,14643033,14696147,14726156,14757573,14810001
 "91000" ,"New England",1,SAINC1,3,"...","Per capita personal income (dollars) 2/","Dollars",32386,34153,37357,38902,38890,39638,41721,43505,46695,49161,51012,50158,52152,54138,55853,55555,57963,60631,62033,64303
 "92000" ,"Mideast",2,SAINC1,1,"...","Personal income (millions of dollars)","Millions of dollars",1430577.2,1507263.3,1630951.0,1694998.4,1714312.6,1758076.5,1851769.6,1933919.3,2064808.2,2197594.5,2256751.6,2216262.9,2304343.1,2432782.4,2542298.2,2568073.6,2678628.2,2794994.3,2874152.1,3016365.4
 "92000" ,"Mideast",2,SAINC1,2,"...","Population (persons) 1/","Number of persons",45822025,46105834,46386027,46619373,46841190,47034773,47162342,47239239,47334435,47473718,47684886,47943872,48212807,48485212,48719716,48912581,49072778,49187876,49263573,49368668
 "92000" ,"Mideast",2,SAINC1,3,"...","Per capita personal income (dollars) 2/","Dollars",31220,32691,35160,36358,36598,37378,39264,40939,43622,46291,47326,46226,47795,50176,52182,52503,54585,56823,58342,61099
 "93000" ,"Great Lakes",3,SAINC1,1,"...","Personal income (millions of dollars)","Millions of dollars",1233781.2,1285994.1,1371399.2,1412374.4,1429733.7,1463583.7,1519487.1,1567601.3,1651101.7,1723602.3,1774338.8,1708115.5,1763571.8,1869360.9,1950541.4,1980331.7,2069389.0,2159301.2,2206069.2,2283656.4
 "93000" ,"Great Lakes",3,SAINC1,2,"...","Population (persons) 1/","Number of persons",44727877,44969225,45216019,45401564,45550284,45707787,45844372,45949142,46071573,46187992,46275120,46355854,46437641,46502999,46568813,46661624,46735308,46756588,46798649,46885244
 "93000" ,"Great Lakes",3,SAINC1,3,"...","Per capita personal income (dollars) 2/","Dollars",27584,28597,30330,31108,31388,32020,33144,34116,35838,37317,38343,36848,37977,40199,41885,42440,44279,46182,47140,48707
 "94000" ,"Plains",4,SAINC1,1,"...","Personal income (millions of dollars)","Millions of dollars",503067.5,523407.8,560203.7,579593.8,591496.5,616060.7,648957.6,672762.2,715362.1,762387.7,807194.2,784027.8,812921.8,872003.1,921647.1,931393.2,971529.5,1003740.0,1016404.6,1047114.5
 "94000" ,"Plains",4,SAINC1,2,"...","Population (persons) 1/","Number of persons",18988053,19130836,19275412,19374967,19468009,19569167,19687933,19802730,19956982,20105697,20248815,20392583,20535719,20638502,20749482,20872827,20984812,21082599,21179519,21294107
 "94000" ,"Plains",4,SAINC1,3,"...","Per capita personal income (dollars) 2/","Dollars",26494,27359,29063,29915,30383,31481,32962,33973,35845,37919,39864,38447,39586,42251,44418,44622,46297,47610,47990,49174
 "95000" ,"Southeast",5,SAINC1,1,"...","Personal income (millions of dollars)","Millions of dollars",1688395.2,1771678.8,1898390.1,1984446.5,2038473.8,2126430.4,2276133.5,2435707.4,2615657.9,2756629.4,2841012.2,2753800.3,2866026.8,3020754.5,3151613.4,3164660.3,3350203.0,3526432.9,3626161.1,3783717.4
 "95000" ,"Southeast",5,SAINC1,2,"...","Population (persons) 1/","Number of persons",67626581,68569381,69497232,70317959,71151666,71961591,73019229,74148386,75065947,76122849,77057840,77814936,78575213,79260002,79953925,80585268,81304675,82104601,82935602,83715076
 "95000" ,"Southeast",5,SAINC1,3,"...","Per capita personal income (dollars) 2/","Dollars",24966,25838,27316,28221,28650,29550,31172,32849,34845,36213,36869,35389,36475,38112,39418,39271,41206,42950,43723,45198
 "96000" ,"Southwest",6,SAINC1,1,"...","Personal income (millions of dollars)","Millions of dollars",745133.4,782043.3,850147.0,899787.0,915580.7,953977.8,1009991.8,1102094.5,1212178.1,1283509.7,1388296.6,1320708.2,1388502.2,1504486.4,1603076.0,1642200.1,1762040.6,1805776.0,1814967.0,1894780.0
 "96000" ,"Southwest",6,SAINC1,2,"...","Population (persons) 1/","Number of persons",30239551,30827272,31380654,31891889,32430969,32923761,33475468,34098071,34944948,35624083,36269039,36899289,37472786,37972888,38521426,39030404,39619086,40243759,40820143,41339800
 "96000" ,"Southwest",6,SAINC1,3,"...","Per capita personal income (dollars) 2/","Dollars",24641,25369,27091,28214,28232,28975,30171,32321,34688,36029,38278,35792,37054,39620,41615,42075,44475,44871,44463,45834
 "97000" ,"Rocky Mountain",7,SAINC1,1,"...","Personal income (millions of dollars)","Millions of dollars",231346.7,246923.8,270372.6,282985.7,287142.0,295768.4,311687.8,335449.3,367141.0,393281.4,409181.7,391528.9,405707.8,438403.8,467422.4,485385.8,521692.8,550009.4,564264.5,593926.4
 "97000" ,"Rocky Mountain",7,SAINC1,2,"...","Population (persons) 1/","Number of persons",8918147,9094461,9268926,9430982,9567277,9675332,9807510,9972107,10189958,10406301,10609537,10793888,10949084,11079489,11215355,11366966,11514638,11689105,11878018,12055738
 "97000" ,"Rocky Mountain",7,SAINC1,3,"...","Per capita personal income (dollars) 2/","Dollars",25941,27151,29170,30006,30013,30569,31781,33639,36030,37793,38567,36273,37054,39569,41677,42701,45307,47053,47505,49265
 "98000" ,"Far West",8,SAINC1,1,"...","Personal income (millions of dollars)","Millions of dollars",1324509.1,1411648.8,1547743.8,1601432.8,1629696.8,1704840.0,1818035.5,1927913.2,2081151.0,2183212.4,2230239.6,2154405.2,2246369.0,2391122.4,2547186.5,2589966.2,2777826.3,2978517.3,3098158.6,3248359.3
 "98000" ,"Far West",8,SAINC1,2,"...","Population (persons) 1/","Number of persons",45798042,46505506,47188420,47891178,48493357,49053068,49601761,50090268,50570529,51031362,51608614,52167532,52686778,53176406,53679832,54161802,54695081,55249155,55772858,56250544
 "98000" ,"Far West",8,SAINC1,3,"...","Per capita personal income (dollars) 2/","Dollars",28921,30354,32799,33439,33607,34755,36653,38489,41153,42782,43214,41298,42636,44966,47451,47819,50787,53911,55550,57748
"Note: See the included footnote file."
"SAINC1 Personal Income Summary: Personal Income, Population, Per Capita Personal Income "
"Last updated: September 25, 2018—revised statistics for 1998-2017. "
"Source: U.S. Department of Commerce / Bureau of Economic Analysis / Regional Economic Accounts"
